Epoch,Loss,Accuracy
1,0.11706719338505278,0.00720827183341438
